city,scenario,severity,feat_n_nodes,feat_n_edges,feat_avg_degree,feat_degree_std,feat_max_degree,feat_avg_clustering,feat_transitivity,feat_assortativity,feat_density,feat_giant_component_frac,feat_approx_aspl,feat_modularity,feat_bridge_frac,feat_tunnel_frac,feat_major_highway_frac,feat_bc_mean,feat_bc_std,met_avg_ratio,met_median_ratio,met_pct_disconnected,met_n_removed_edges,met_n_pairs,label_resilience_score
"Chicago, Illinois, USA",Bridge Collapse,0.05,29362.0,48731.0,3.3193242967100334,0.8661535076708076,7.0,0.0260526238967762,0.025486142515666388,0.1977299916489142,0.00011305215410612832,1.0,17511.53345240898,0.9591820046385858,0.011134875883077322,0.007246095015879189,0.23292501134227753,0.0019783837367836356,0.01117500526528895,3.9331321093916496,5.0,70.0,859,60,0.25425029523218157
"Chicago, Illinois, USA",Bridge Collapse,0.1,29362.0,48731.0,3.3193242967100334,0.8661535076708076,7.0,0.0260526238967762,0.025486142515666388,0.1977299916489142,0.00011305215410612832,1.0,17511.53345240898,0.9591820046385858,0.011134875883077322,0.007246095015879189,0.23292501134227753,0.0019783837367836356,0.01117500526528895,3.9331321093916496,5.0,70.0,859,60,0.25425029523218157
"Chicago, Illinois, USA",Bridge Collapse,0.2,29362.0,48731.0,3.3193242967100334,0.8661535076708076,7.0,0.0260526238967762,0.025486142515666388,0.1977299916489142,0.00011305215410612832,1.0,17511.53345240898,0.9591820046385858,0.011134875883077322,0.007246095015879189,0.23292501134227753,0.0019783837367836356,0.01117500526528895,3.9331321093916496,5.0,70.0,859,60,0.25425029523218157
"Chicago, Illinois, USA",Bridge Collapse,0.3,29362.0,48731.0,3.3193242967100334,0.8661535076708076,7.0,0.0260526238967762,0.025486142515666388,0.1977299916489142,0.00011305215410612832,1.0,17511.53345240898,0.9591820046385858,0.011134875883077322,0.007246095015879189,0.23292501134227753,0.0019783837367836356,0.01117500526528895,3.9331321093916496,5.0,70.0,859,60,0.25425029523218157
"Chicago, Illinois, USA",Tunnel Closure,0.05,29362.0,48731.0,3.3193242967100334,0.8661535076708076,7.0,0.0260526238967762,0.025486142515666388,0.1977299916489142,0.00011305215410612832,1.0,17511.53345240898,0.9591820046385858,0.011134875883077322,0.007246095015879189,0.23292501134227753,0.0019783837367836356,0.01117500526528895,1.0602119085928805,1.0435355362518441,0.0,559,60,0.9432076662176017
"Chicago, Illinois, USA",Tunnel Closure,0.1,29362.0,48731.0,3.3193242967100334,0.8661535076708076,7.0,0.0260526238967762,0.025486142515666388,0.1977299916489142,0.00011305215410612832,1.0,17511.53345240898,0.9591820046385858,0.011134875883077322,0.007246095015879189,0.23292501134227753,0.0019783837367836356,0.01117500526528895,1.0602119085928805,1.0435355362518441,0.0,559,60,0.9432076662176017
"Chicago, Illinois, USA",Tunnel Closure,0.2,29362.0,48731.0,3.3193242967100334,0.8661535076708076,7.0,0.0260526238967762,0.025486142515666388,0.1977299916489142,0.00011305215410612832,1.0,17511.53345240898,0.9591820046385858,0.011134875883077322,0.007246095015879189,0.23292501134227753,0.0019783837367836356,0.01117500526528895,1.0602119085928805,1.0435355362518441,0.0,559,60,0.9432076662176017
"Chicago, Illinois, USA",Tunnel Closure,0.3,29362.0,48731.0,3.3193242967100334,0.8661535076708076,7.0,0.0260526238967762,0.025486142515666388,0.1977299916489142,0.00011305215410612832,1.0,17511.53345240898,0.9591820046385858,0.011134875883077322,0.007246095015879189,0.23292501134227753,0.0019783837367836356,0.01117500526528895,1.0602119085928805,1.0435355362518441,0.0,559,60,0.9432076662176017
"Chicago, Illinois, USA",Highway Flood,0.05,29362.0,48731.0,3.3193242967100334,0.8661535076708076,7.0,0.0260526238967762,0.025486142515666388,0.1977299916489142,0.00011305215410612832,1.0,17511.53345240898,0.9591820046385858,0.011134875883077322,0.007246095015879189,0.23292501134227753,0.0019783837367836356,0.01117500526528895,3.1592284682535787,2.1323604778239824,45.0,17093,60,0.3165329795071136
"Chicago, Illinois, USA",Highway Flood,0.1,29362.0,48731.0,3.3193242967100334,0.8661535076708076,7.0,0.0260526238967762,0.025486142515666388,0.1977299916489142,0.00011305215410612832,1.0,17511.53345240898,0.9591820046385858,0.011134875883077322,0.007246095015879189,0.23292501134227753,0.0019783837367836356,0.01117500526528895,3.1592284682535787,2.1323604778239824,45.0,17093,60,0.3165329795071136
"Chicago, Illinois, USA",Highway Flood,0.2,29362.0,48731.0,3.3193242967100334,0.8661535076708076,7.0,0.0260526238967762,0.025486142515666388,0.1977299916489142,0.00011305215410612832,1.0,17511.53345240898,0.9591820046385858,0.011134875883077322,0.007246095015879189,0.23292501134227753,0.0019783837367836356,0.01117500526528895,3.1592284682535787,2.1323604778239824,45.0,17093,60,0.3165329795071136
"Chicago, Illinois, USA",Highway Flood,0.3,29362.0,48731.0,3.3193242967100334,0.8661535076708076,7.0,0.0260526238967762,0.025486142515666388,0.1977299916489142,0.00011305215410612832,1.0,17511.53345240898,0.9591820046385858,0.011134875883077322,0.007246095015879189,0.23292501134227753,0.0019783837367836356,0.01117500526528895,3.1592284682535787,2.1323604778239824,45.0,17093,60,0.3165329795071136
"Chicago, Illinois, USA",Targeted Attack (Top k%),0.05,29362.0,48731.0,3.3193242967100334,0.8661535076708076,7.0,0.0260526238967762,0.025486142515666388,0.1977299916489142,0.00011305215410612832,1.0,17511.53345240898,0.9591820046385858,0.011134875883077322,0.007246095015879189,0.23292501134227753,0.0019783837367836356,0.01117500526528895,1.6080880702136333,1.3418880277131762,6.666666666666667,3602,60,0.6218564881630835
"Chicago, Illinois, USA",Targeted Attack (Top k%),0.1,29362.0,48731.0,3.3193242967100334,0.8661535076708076,7.0,0.0260526238967762,0.025486142515666388,0.1977299916489142,0.00011305215410612832,1.0,17511.53345240898,0.9591820046385858,0.011134875883077322,0.007246095015879189,0.23292501134227753,0.0019783837367836356,0.01117500526528895,2.1989475629904534,1.578551983149998,18.333333333333332,7439,60,0.4547630042801259
"Chicago, Illinois, USA",Targeted Attack (Top k%),0.2,29362.0,48731.0,3.3193242967100334,0.8661535076708076,7.0,0.0260526238967762,0.025486142515666388,0.1977299916489142,0.00011305215410612832,1.0,17511.53345240898,0.9591820046385858,0.011134875883077322,0.007246095015879189,0.23292501134227753,0.0019783837367836356,0.01117500526528895,3.4338054267017197,2.6088325749803385,45.0,15105,60,0.29122209203348254
"Chicago, Illinois, USA",Targeted Attack (Top k%),0.3,29362.0,48731.0,3.3193242967100334,0.8661535076708076,7.0,0.0260526238967762,0.025486142515666388,0.1977299916489142,0.00011305215410612832,1.0,17511.53345240898,0.9591820046385858,0.011134875883077322,0.007246095015879189,0.23292501134227753,0.0019783837367836356,0.01117500526528895,4.831314021574403,5.0,95.0,22675,60,0.206983026881396
"Chicago, Illinois, USA",Random Failure,0.05,29362.0,48731.0,3.3193242967100334,0.8661535076708076,7.0,0.0260526238967762,0.025486142515666388,0.1977299916489142,0.00011305215410612832,1.0,17511.53345240898,0.9591820046385858,0.011134875883077322,0.007246095015879189,0.23292501134227753,0.0019783837367836356,0.01117500526528895,1.1528829611905007,1.0772863760631055,1.6666666666666667,3857,60,0.8673907358014648
"Chicago, Illinois, USA",Random Failure,0.1,29362.0,48731.0,3.3193242967100334,0.8661535076708076,7.0,0.0260526238967762,0.025486142515666388,0.1977299916489142,0.00011305215410612832,1.0,17511.53345240898,0.9591820046385858,0.011134875883077322,0.007246095015879189,0.23292501134227753,0.0019783837367836356,0.01117500526528895,1.3611525424383808,1.2024036697213942,3.3333333333333335,7714,60,0.7346715146331734
"Chicago, Illinois, USA",Random Failure,0.2,29362.0,48731.0,3.3193242967100334,0.8661535076708076,7.0,0.0260526238967762,0.025486142515666388,0.1977299916489142,0.00011305215410612832,1.0,17511.53345240898,0.9591820046385858,0.011134875883077322,0.007246095015879189,0.23292501134227753,0.0019783837367836356,0.01117500526528895,2.2713971496690712,1.6173345481333805,20.0,15429,60,0.44025766262218563
"Chicago, Illinois, USA",Random Failure,0.3,29362.0,48731.0,3.3193242967100334,0.8661535076708076,7.0,0.0260526238967762,0.025486142515666388,0.1977299916489142,0.00011305215410612832,1.0,17511.53345240898,0.9591820046385858,0.011134875883077322,0.007246095015879189,0.23292501134227753,0.0019783837367836356,0.01117500526528895,4.385307286763752,5.0,75.0,23143,60,0.2280341911314441
"Pittsburgh, Pennsylvania, USA",Bridge Collapse,0.05,9122.0,12988.0,2.8476211357158516,0.9833180687446865,7.0,0.040665163236967665,0.0464212534444994,0.10162172038143094,0.0003122049266216261,1.0,8071.034926179103,0.9508275637913239,0.01926075778648797,0.002233742150292915,0.1636532220676866,0.003705069172573004,0.012948360925140335,3.929159145914775,5.0,71.66666666666667,457,60,0.25450738004331536
"Pittsburgh, Pennsylvania, USA",Bridge Collapse,0.1,9122.0,12988.0,2.8476211357158516,0.9833180687446865,7.0,0.040665163236967665,0.0464212534444994,0.10162172038143094,0.0003122049266216261,1.0,8071.034926179103,0.9508275637913239,0.01926075778648797,0.002233742150292915,0.1636532220676866,0.003705069172573004,0.012948360925140335,3.929159145914775,5.0,71.66666666666667,457,60,0.25450738004331536
"Pittsburgh, Pennsylvania, USA",Bridge Collapse,0.2,9122.0,12988.0,2.8476211357158516,0.9833180687446865,7.0,0.040665163236967665,0.0464212534444994,0.10162172038143094,0.0003122049266216261,1.0,8071.034926179103,0.9508275637913239,0.01926075778648797,0.002233742150292915,0.1636532220676866,0.003705069172573004,0.012948360925140335,3.929159145914775,5.0,71.66666666666667,457,60,0.25450738004331536
"Pittsburgh, Pennsylvania, USA",Bridge Collapse,0.3,9122.0,12988.0,2.8476211357158516,0.9833180687446865,7.0,0.040665163236967665,0.0464212534444994,0.10162172038143094,0.0003122049266216261,1.0,8071.034926179103,0.9508275637913239,0.01926075778648797,0.002233742150292915,0.1636532220676866,0.003705069172573004,0.012948360925140335,3.929159145914775,5.0,71.66666666666667,457,60,0.25450738004331536
"Pittsburgh, Pennsylvania, USA",Tunnel Closure,0.05,9122.0,12988.0,2.8476211357158516,0.9833180687446865,7.0,0.040665163236967665,0.0464212534444994,0.10162172038143094,0.0003122049266216261,1.0,8071.034926179103,0.9508275637913239,0.01926075778648797,0.002233742150292915,0.1636532220676866,0.003705069172573004,0.012948360925140335,1.0328799098212933,1.0,0.0,53,60,0.968166764104278
"Pittsburgh, Pennsylvania, USA",Tunnel Closure,0.1,9122.0,12988.0,2.8476211357158516,0.9833180687446865,7.0,0.040665163236967665,0.0464212534444994,0.10162172038143094,0.0003122049266216261,1.0,8071.034926179103,0.9508275637913239,0.01926075778648797,0.002233742150292915,0.1636532220676866,0.003705069172573004,0.012948360925140335,1.0328799098212933,1.0,0.0,53,60,0.968166764104278
"Pittsburgh, Pennsylvania, USA",Tunnel Closure,0.2,9122.0,12988.0,2.8476211357158516,0.9833180687446865,7.0,0.040665163236967665,0.0464212534444994,0.10162172038143094,0.0003122049266216261,1.0,8071.034926179103,0.9508275637913239,0.01926075778648797,0.002233742150292915,0.1636532220676866,0.003705069172573004,0.012948360925140335,1.0328799098212933,1.0,0.0,53,60,0.968166764104278
"Pittsburgh, Pennsylvania, USA",Tunnel Closure,0.3,9122.0,12988.0,2.8476211357158516,0.9833180687446865,7.0,0.040665163236967665,0.0464212534444994,0.10162172038143094,0.0003122049266216261,1.0,8071.034926179103,0.9508275637913239,0.01926075778648797,0.002233742150292915,0.1636532220676866,0.003705069172573004,0.012948360925140335,1.0328799098212933,1.0,0.0,53,60,0.968166764104278
"Pittsburgh, Pennsylvania, USA",Highway Flood,0.05,9122.0,12988.0,2.8476211357158516,0.9833180687446865,7.0,0.040665163236967665,0.0464212534444994,0.10162172038143094,0.0003122049266216261,1.0,8071.034926179103,0.9508275637913239,0.01926075778648797,0.002233742150292915,0.1636532220676866,0.003705069172573004,0.012948360925140335,3.8728757438035046,5.0,66.66666666666667,3517,60,0.2582060634400607
"Pittsburgh, Pennsylvania, USA",Highway Flood,0.1,9122.0,12988.0,2.8476211357158516,0.9833180687446865,7.0,0.040665163236967665,0.0464212534444994,0.10162172038143094,0.0003122049266216261,1.0,8071.034926179103,0.9508275637913239,0.01926075778648797,0.002233742150292915,0.1636532220676866,0.003705069172573004,0.012948360925140335,3.8728757438035046,5.0,66.66666666666667,3517,60,0.2582060634400607
"Pittsburgh, Pennsylvania, USA",Highway Flood,0.2,9122.0,12988.0,2.8476211357158516,0.9833180687446865,7.0,0.040665163236967665,0.0464212534444994,0.10162172038143094,0.0003122049266216261,1.0,8071.034926179103,0.9508275637913239,0.01926075778648797,0.002233742150292915,0.1636532220676866,0.003705069172573004,0.012948360925140335,3.8728757438035046,5.0,66.66666666666667,3517,60,0.2582060634400607
"Pittsburgh, Pennsylvania, USA",Highway Flood,0.3,9122.0,12988.0,2.8476211357158516,0.9833180687446865,7.0,0.040665163236967665,0.0464212534444994,0.10162172038143094,0.0003122049266216261,1.0,8071.034926179103,0.9508275637913239,0.01926075778648797,0.002233742150292915,0.1636532220676866,0.003705069172573004,0.012948360925140335,3.8728757438035046,5.0,66.66666666666667,3517,60,0.2582060634400607
"Pittsburgh, Pennsylvania, USA",Targeted Attack (Top k%),0.05,9122.0,12988.0,2.8476211357158516,0.9833180687446865,7.0,0.040665163236967665,0.0464212534444994,0.10162172038143094,0.0003122049266216261,1.0,8071.034926179103,0.9508275637913239,0.01926075778648797,0.002233742150292915,0.1636532220676866,0.003705069172573004,0.012948360925140335,2.9164008205645042,1.567738829615393,45.0,1039,60,0.3428883961863781
"Pittsburgh, Pennsylvania, USA",Targeted Attack (Top k%),0.1,9122.0,12988.0,2.8476211357158516,0.9833180687446865,7.0,0.040665163236967665,0.0464212534444994,0.10162172038143094,0.0003122049266216261,1.0,8071.034926179103,0.9508275637913239,0.01926075778648797,0.002233742150292915,0.1636532220676866,0.003705069172573004,0.012948360925140335,4.032628520685169,5.0,73.33333333333333,2185,60,0.24797721755687374
"Pittsburgh, Pennsylvania, USA",Targeted Attack (Top k%),0.2,9122.0,12988.0,2.8476211357158516,0.9833180687446865,7.0,0.040665163236967665,0.0464212534444994,0.10162172038143094,0.0003122049266216261,1.0,8071.034926179103,0.9508275637913239,0.01926075778648797,0.002233742150292915,0.1636532220676866,0.003705069172573004,0.012948360925140335,4.896294577345424,5.0,96.66666666666667,4565,60,0.20423607775293623
"Pittsburgh, Pennsylvania, USA",Targeted Attack (Top k%),0.3,9122.0,12988.0,2.8476211357158516,0.9833180687446865,7.0,0.040665163236967665,0.0464212534444994,0.10162172038143094,0.0003122049266216261,1.0,8071.034926179103,0.9508275637913239,0.01926075778648797,0.002233742150292915,0.1636532220676866,0.003705069172573004,0.012948360925140335,5.0,5.0,100.0,6950,60,0.2
"Pittsburgh, Pennsylvania, USA",Random Failure,0.05,9122.0,12988.0,2.8476211357158516,0.9833180687446865,7.0,0.040665163236967665,0.0464212534444994,0.10162172038143094,0.0003122049266216261,1.0,8071.034926179103,0.9508275637913239,0.01926075778648797,0.002233742150292915,0.1636532220676866,0.003705069172573004,0.012948360925140335,1.3636112688505666,1.0754985267356092,6.666666666666667,1186,60,0.7333468289998317
"Pittsburgh, Pennsylvania, USA",Random Failure,0.1,9122.0,12988.0,2.8476211357158516,0.9833180687446865,7.0,0.040665163236967665,0.0464212534444994,0.10162172038143094,0.0003122049266216261,1.0,8071.034926179103,0.9508275637913239,0.01926075778648797,0.002233742150292915,0.1636532220676866,0.003705069172573004,0.012948360925140335,1.6192952325023149,1.2261417792431315,10.0,2372,60,0.6175526117338646
"Pittsburgh, Pennsylvania, USA",Random Failure,0.2,9122.0,12988.0,2.8476211357158516,0.9833180687446865,7.0,0.040665163236967665,0.0464212534444994,0.10162172038143094,0.0003122049266216261,1.0,8071.034926179103,0.9508275637913239,0.01926075778648797,0.002233742150292915,0.1636532220676866,0.003705069172573004,0.012948360925140335,3.047428738690598,2.175631598604542,41.666666666666664,4745,60,0.32814549108363217
"Pittsburgh, Pennsylvania, USA",Random Failure,0.3,9122.0,12988.0,2.8476211357158516,0.9833180687446865,7.0,0.040665163236967665,0.0464212534444994,0.10162172038143094,0.0003122049266216261,1.0,8071.034926179103,0.9508275637913239,0.01926075778648797,0.002233742150292915,0.1636532220676866,0.003705069172573004,0.012948360925140335,4.8678032082940605,5.0,96.66666666666667,7118,60,0.20543147641961756
"Dallas, Texas, USA",Bridge Collapse,0.05,36544.0,56723.0,3.104367338003503,0.8379532743127404,6.0,0.048720264156450664,0.05052727410666869,0.17654027213028514,8.495108059008572e-05,1.0,17141.041271375743,0.9641459653238607,0.01798406665378256,0.0007193626661513024,0.23774399278489983,0.0015510558088273944,0.008233751165233888,4.316983936647899,5.0,80.0,1675,60,0.23164320615389905
"Dallas, Texas, USA",Bridge Collapse,0.1,36544.0,56723.0,3.104367338003503,0.8379532743127404,6.0,0.048720264156450664,0.05052727410666869,0.17654027213028514,8.495108059008572e-05,1.0,17141.041271375743,0.9641459653238607,0.01798406665378256,0.0007193626661513024,0.23774399278489983,0.0015510558088273944,0.008233751165233888,4.316983936647899,5.0,80.0,1675,60,0.23164320615389905
"Dallas, Texas, USA",Bridge Collapse,0.2,36544.0,56723.0,3.104367338003503,0.8379532743127404,6.0,0.048720264156450664,0.05052727410666869,0.17654027213028514,8.495108059008572e-05,1.0,17141.041271375743,0.9641459653238607,0.01798406665378256,0.0007193626661513024,0.23774399278489983,0.0015510558088273944,0.008233751165233888,4.316983936647899,5.0,80.0,1675,60,0.23164320615389905
"Dallas, Texas, USA",Bridge Collapse,0.3,36544.0,56723.0,3.104367338003503,0.8379532743127404,6.0,0.048720264156450664,0.05052727410666869,0.17654027213028514,8.495108059008572e-05,1.0,17141.041271375743,0.9641459653238607,0.01798406665378256,0.0007193626661513024,0.23774399278489983,0.0015510558088273944,0.008233751165233888,4.316983936647899,5.0,80.0,1675,60,0.23164320615389905
"Dallas, Texas, USA",Tunnel Closure,0.05,36544.0,56723.0,3.104367338003503,0.8379532743127404,6.0,0.048720264156450664,0.05052727410666869,0.17654027213028514,8.495108059008572e-05,1.0,17141.041271375743,0.9641459653238607,0.01798406665378256,0.0007193626661513024,0.23774399278489983,0.0015510558088273944,0.008233751165233888,1.0327636230160695,1.0,0.0,67,60,0.968275777451972
"Dallas, Texas, USA",Tunnel Closure,0.1,36544.0,56723.0,3.104367338003503,0.8379532743127404,6.0,0.048720264156450664,0.05052727410666869,0.17654027213028514,8.495108059008572e-05,1.0,17141.041271375743,0.9641459653238607,0.01798406665378256,0.0007193626661513024,0.23774399278489983,0.0015510558088273944,0.008233751165233888,1.0327636230160695,1.0,0.0,67,60,0.968275777451972
"Dallas, Texas, USA",Tunnel Closure,0.2,36544.0,56723.0,3.104367338003503,0.8379532743127404,6.0,0.048720264156450664,0.05052727410666869,0.17654027213028514,8.495108059008572e-05,1.0,17141.041271375743,0.9641459653238607,0.01798406665378256,0.0007193626661513024,0.23774399278489983,0.0015510558088273944,0.008233751165233888,1.0327636230160695,1.0,0.0,67,60,0.968275777451972
"Dallas, Texas, USA",Tunnel Closure,0.3,36544.0,56723.0,3.104367338003503,0.8379532743127404,6.0,0.048720264156450664,0.05052727410666869,0.17654027213028514,8.495108059008572e-05,1.0,17141.041271375743,0.9641459653238607,0.01798406665378256,0.0007193626661513024,0.23774399278489983,0.0015510558088273944,0.008233751165233888,1.0327636230160695,1.0,0.0,67,60,0.968275777451972
"Dallas, Texas, USA",Highway Flood,0.05,36544.0,56723.0,3.104367338003503,0.8379532743127404,6.0,0.048720264156450664,0.05052727410666869,0.17654027213028514,8.495108059008572e-05,1.0,17141.041271375743,0.9641459653238607,0.01798406665378256,0.0007193626661513024,0.23774399278489983,0.0015510558088273944,0.008233751165233888,4.490323568427808,5.0,83.33333333333333,17168,60,0.22270110043542563
"Dallas, Texas, USA",Highway Flood,0.1,36544.0,56723.0,3.104367338003503,0.8379532743127404,6.0,0.048720264156450664,0.05052727410666869,0.17654027213028514,8.495108059008572e-05,1.0,17141.041271375743,0.9641459653238607,0.01798406665378256,0.0007193626661513024,0.23774399278489983,0.0015510558088273944,0.008233751165233888,4.490323568427808,5.0,83.33333333333333,17168,60,0.22270110043542563
"Dallas, Texas, USA",Highway Flood,0.2,36544.0,56723.0,3.104367338003503,0.8379532743127404,6.0,0.048720264156450664,0.05052727410666869,0.17654027213028514,8.495108059008572e-05,1.0,17141.041271375743,0.9641459653238607,0.01798406665378256,0.0007193626661513024,0.23774399278489983,0.0015510558088273944,0.008233751165233888,4.490323568427808,5.0,83.33333333333333,17168,60,0.22270110043542563
"Dallas, Texas, USA",Highway Flood,0.3,36544.0,56723.0,3.104367338003503,0.8379532743127404,6.0,0.048720264156450664,0.05052727410666869,0.17654027213028514,8.495108059008572e-05,1.0,17141.041271375743,0.9641459653238607,0.01798406665378256,0.0007193626661513024,0.23774399278489983,0.0015510558088273944,0.008233751165233888,4.490323568427808,5.0,83.33333333333333,17168,60,0.22270110043542563
"Dallas, Texas, USA",Targeted Attack (Top k%),0.05,36544.0,56723.0,3.104367338003503,0.8379532743127404,6.0,0.048720264156450664,0.05052727410666869,0.17654027213028514,8.495108059008572e-05,1.0,17141.041271375743,0.9641459653238607,0.01798406665378256,0.0007193626661513024,0.23774399278489983,0.0015510558088273944,0.008233751165233888,2.0241215782746433,1.4823598031043321,16.666666666666668,3826,60,0.4940414700051752
"Dallas, Texas, USA",Targeted Attack (Top k%),0.1,36544.0,56723.0,3.104367338003503,0.8379532743127404,6.0,0.048720264156450664,0.05052727410666869,0.17654027213028514,8.495108059008572e-05,1.0,17141.041271375743,0.9641459653238607,0.01798406665378256,0.0007193626661513024,0.23774399278489983,0.0015510558088273944,0.008233751165233888,3.243042735082585,2.1126020642776098,40.0,7999,60,0.3083523967113356
"Dallas, Texas, USA",Targeted Attack (Top k%),0.2,36544.0,56723.0,3.104367338003503,0.8379532743127404,6.0,0.048720264156450664,0.05052727410666869,0.17654027213028514,8.495108059008572e-05,1.0,17141.041271375743,0.9641459653238607,0.01798406665378256,0.0007193626661513024,0.23774399278489983,0.0015510558088273944,0.008233751165233888,4.935562695145313,5.0,98.33333333333333,16765,60,0.2026111432002705
"Dallas, Texas, USA",Targeted Attack (Top k%),0.3,36544.0,56723.0,3.104367338003503,0.8379532743127404,6.0,0.048720264156450664,0.05052727410666869,0.17654027213028514,8.495108059008572e-05,1.0,17141.041271375743,0.9641459653238607,0.01798406665378256,0.0007193626661513024,0.23774399278489983,0.0015510558088273944,0.008233751165233888,5.0,5.0,100.0,25856,60,0.2
"Dallas, Texas, USA",Random Failure,0.05,36544.0,56723.0,3.104367338003503,0.8379532743127404,6.0,0.048720264156450664,0.05052727410666869,0.17654027213028514,8.495108059008572e-05,1.0,17141.041271375743,0.9641459653238607,0.01798406665378256,0.0007193626661513024,0.23774399278489983,0.0015510558088273944,0.008233751165233888,1.1976302348659695,1.1038863894420172,1.6666666666666667,4656,60,0.8349822598724832
"Dallas, Texas, USA",Random Failure,0.1,36544.0,56723.0,3.104367338003503,0.8379532743127404,6.0,0.048720264156450664,0.05052727410666869,0.17654027213028514,8.495108059008572e-05,1.0,17141.041271375743,0.9641459653238607,0.01798406665378256,0.0007193626661513024,0.23774399278489983,0.0015510558088273944,0.008233751165233888,1.7431872029107605,1.2631329855108122,11.666666666666666,9313,60,0.5736618524563557
"Dallas, Texas, USA",Random Failure,0.2,36544.0,56723.0,3.104367338003503,0.8379532743127404,6.0,0.048720264156450664,0.05052727410666869,0.17654027213028514,8.495108059008572e-05,1.0,17141.041271375743,0.9641459653238607,0.01798406665378256,0.0007193626661513024,0.23774399278489983,0.0015510558088273944,0.008233751165233888,3.8938708479345028,5.0,45.0,18627,60,0.2568138592810412
"Dallas, Texas, USA",Random Failure,0.3,36544.0,56723.0,3.104367338003503,0.8379532743127404,6.0,0.048720264156450664,0.05052727410666869,0.17654027213028514,8.495108059008572e-05,1.0,17141.041271375743,0.9641459653238607,0.01798406665378256,0.0007193626661513024,0.23774399278489983,0.0015510558088273944,0.008233751165233888,5.0,5.0,100.0,27941,60,0.2
"Phoenix, Arizona, USA",Bridge Collapse,0.05,48456.0,67262.0,2.776209344560013,0.9496270886444774,7.0,0.05015251932042422,0.06051016699095555,0.09378918371335114,5.729458971334255e-05,1.0,23706.76403369453,0.973559537698723,0.012632903631758119,0.0002500766363885707,0.13087881770219906,0.001407068622207527,0.008351558293254296,4.877971053275667,5.0,96.66666666666667,1566,60,0.20500326653813936
"Phoenix, Arizona, USA",Bridge Collapse,0.1,48456.0,67262.0,2.776209344560013,0.9496270886444774,7.0,0.05015251932042422,0.06051016699095555,0.09378918371335114,5.729458971334255e-05,1.0,23706.76403369453,0.973559537698723,0.012632903631758119,0.0002500766363885707,0.13087881770219906,0.001407068622207527,0.008351558293254296,4.877971053275667,5.0,96.66666666666667,1566,60,0.20500326653813936
"Phoenix, Arizona, USA",Bridge Collapse,0.2,48456.0,67262.0,2.776209344560013,0.9496270886444774,7.0,0.05015251932042422,0.06051016699095555,0.09378918371335114,5.729458971334255e-05,1.0,23706.76403369453,0.973559537698723,0.012632903631758119,0.0002500766363885707,0.13087881770219906,0.001407068622207527,0.008351558293254296,4.877971053275667,5.0,96.66666666666667,1566,60,0.20500326653813936
"Phoenix, Arizona, USA",Bridge Collapse,0.3,48456.0,67262.0,2.776209344560013,0.9496270886444774,7.0,0.05015251932042422,0.06051016699095555,0.09378918371335114,5.729458971334255e-05,1.0,23706.76403369453,0.973559537698723,0.012632903631758119,0.0002500766363885707,0.13087881770219906,0.001407068622207527,0.008351558293254296,4.877971053275667,5.0,96.66666666666667,1566,60,0.20500326653813936
"Phoenix, Arizona, USA",Tunnel Closure,0.05,48456.0,67262.0,2.776209344560013,0.9496270886444774,7.0,0.05015251932042422,0.06051016699095555,0.09378918371335114,5.729458971334255e-05,1.0,23706.76403369453,0.973559537698723,0.012632903631758119,0.0002500766363885707,0.13087881770219906,0.001407068622207527,0.008351558293254296,1.0048092305540366,1.0,0.0,31,60,0.9952137874456181
"Phoenix, Arizona, USA",Tunnel Closure,0.1,48456.0,67262.0,2.776209344560013,0.9496270886444774,7.0,0.05015251932042422,0.06051016699095555,0.09378918371335114,5.729458971334255e-05,1.0,23706.76403369453,0.973559537698723,0.012632903631758119,0.0002500766363885707,0.13087881770219906,0.001407068622207527,0.008351558293254296,1.0048092305540366,1.0,0.0,31,60,0.9952137874456181
"Phoenix, Arizona, USA",Tunnel Closure,0.2,48456.0,67262.0,2.776209344560013,0.9496270886444774,7.0,0.05015251932042422,0.06051016699095555,0.09378918371335114,5.729458971334255e-05,1.0,23706.76403369453,0.973559537698723,0.012632903631758119,0.0002500766363885707,0.13087881770219906,0.001407068622207527,0.008351558293254296,1.0048092305540366,1.0,0.0,31,60,0.9952137874456181
"Phoenix, Arizona, USA",Tunnel Closure,0.3,48456.0,67262.0,2.776209344560013,0.9496270886444774,7.0,0.05015251932042422,0.06051016699095555,0.09378918371335114,5.729458971334255e-05,1.0,23706.76403369453,0.973559537698723,0.012632903631758119,0.0002500766363885707,0.13087881770219906,0.001407068622207527,0.008351558293254296,1.0048092305540366,1.0,0.0,31,60,0.9952137874456181
"Phoenix, Arizona, USA",Highway Flood,0.05,48456.0,67262.0,2.776209344560013,0.9496270886444774,7.0,0.05015251932042422,0.06051016699095555,0.09378918371335114,5.729458971334255e-05,1.0,23706.76403369453,0.973559537698723,0.012632903631758119,0.0002500766363885707,0.13087881770219906,0.001407068622207527,0.008351558293254296,4.924122210989269,5.0,96.66666666666667,14339,60,0.20308188082096715
"Phoenix, Arizona, USA",Highway Flood,0.1,48456.0,67262.0,2.776209344560013,0.9496270886444774,7.0,0.05015251932042422,0.06051016699095555,0.09378918371335114,5.729458971334255e-05,1.0,23706.76403369453,0.973559537698723,0.012632903631758119,0.0002500766363885707,0.13087881770219906,0.001407068622207527,0.008351558293254296,4.924122210989269,5.0,96.66666666666667,14339,60,0.20308188082096715
"Phoenix, Arizona, USA",Highway Flood,0.2,48456.0,67262.0,2.776209344560013,0.9496270886444774,7.0,0.05015251932042422,0.06051016699095555,0.09378918371335114,5.729458971334255e-05,1.0,23706.76403369453,0.973559537698723,0.012632903631758119,0.0002500766363885707,0.13087881770219906,0.001407068622207527,0.008351558293254296,4.924122210989269,5.0,96.66666666666667,14339,60,0.20308188082096715
"Phoenix, Arizona, USA",Highway Flood,0.3,48456.0,67262.0,2.776209344560013,0.9496270886444774,7.0,0.05015251932042422,0.06051016699095555,0.09378918371335114,5.729458971334255e-05,1.0,23706.76403369453,0.973559537698723,0.012632903631758119,0.0002500766363885707,0.13087881770219906,0.001407068622207527,0.008351558293254296,4.924122210989269,5.0,96.66666666666667,14339,60,0.20308188082096715
"Phoenix, Arizona, USA",Targeted Attack (Top k%),0.05,48456.0,67262.0,2.776209344560013,0.9496270886444774,7.0,0.05015251932042422,0.06051016699095555,0.09378918371335114,5.729458971334255e-05,1.0,23706.76403369453,0.973559537698723,0.012632903631758119,0.0002500766363885707,0.13087881770219906,0.001407068622207527,0.008351558293254296,3.003984050866864,2.142925446479243,36.666666666666664,5129,60,0.33289124811146337
"Phoenix, Arizona, USA",Targeted Attack (Top k%),0.1,48456.0,67262.0,2.776209344560013,0.9496270886444774,7.0,0.05015251932042422,0.06051016699095555,0.09378918371335114,5.729458971334255e-05,1.0,23706.76403369453,0.973559537698723,0.012632903631758119,0.0002500766363885707,0.13087881770219906,0.001407068622207527,0.008351558293254296,4.455206366151578,5.0,76.66666666666667,10822,60,0.22445649377714535
"Phoenix, Arizona, USA",Targeted Attack (Top k%),0.2,48456.0,67262.0,2.776209344560013,0.9496270886444774,7.0,0.05015251932042422,0.06051016699095555,0.09378918371335114,5.729458971334255e-05,1.0,23706.76403369453,0.973559537698723,0.012632903631758119,0.0002500766363885707,0.13087881770219906,0.001407068622207527,0.008351558293254296,5.0,5.0,100.0,22972,60,0.2
"Phoenix, Arizona, USA",Targeted Attack (Top k%),0.3,48456.0,67262.0,2.776209344560013,0.9496270886444774,7.0,0.05015251932042422,0.06051016699095555,0.09378918371335114,5.729458971334255e-05,1.0,23706.76403369453,0.973559537698723,0.012632903631758119,0.0002500766363885707,0.13087881770219906,0.001407068622207527,0.008351558293254296,5.0,5.0,100.0,35543,60,0.2
"Phoenix, Arizona, USA",Random Failure,0.05,48456.0,67262.0,2.776209344560013,0.9496270886444774,7.0,0.05015251932042422,0.06051016699095555,0.09378918371335114,5.729458971334255e-05,1.0,23706.76403369453,0.973559537698723,0.012632903631758119,0.0002500766363885707,0.13087881770219906,0.001407068622207527,0.008351558293254296,1.7623496298021528,1.1147727398394407,16.666666666666668,6198,60,0.5674242971369213
"Phoenix, Arizona, USA",Random Failure,0.1,48456.0,67262.0,2.776209344560013,0.9496270886444774,7.0,0.05015251932042422,0.06051016699095555,0.09378918371335114,5.729458971334255e-05,1.0,23706.76403369453,0.973559537698723,0.012632903631758119,0.0002500766363885707,0.13087881770219906,0.001407068622207527,0.008351558293254296,2.2905229101887032,1.4049666665973533,25.0,12396,60,0.43658153147117645
"Phoenix, Arizona, USA",Random Failure,0.2,48456.0,67262.0,2.776209344560013,0.9496270886444774,7.0,0.05015251932042422,0.06051016699095555,0.09378918371335114,5.729458971334255e-05,1.0,23706.76403369453,0.973559537698723,0.012632903631758119,0.0002500766363885707,0.13087881770219906,0.001407068622207527,0.008351558293254296,3.727973797457402,5.0,51.666666666666664,24792,60,0.2682422287093413
"Phoenix, Arizona, USA",Random Failure,0.3,48456.0,67262.0,2.776209344560013,0.9496270886444774,7.0,0.05015251932042422,0.06051016699095555,0.09378918371335114,5.729458971334255e-05,1.0,23706.76403369453,0.973559537698723,0.012632903631758119,0.0002500766363885707,0.13087881770219906,0.001407068622207527,0.008351558293254296,4.8932351957130855,5.0,95.0,37188,60,0.20436377161598324
"San Francisco, California, USA",Bridge Collapse,0.05,10012.0,16393.0,3.2746703955253698,0.8983858439896002,7.0,0.054249186690257405,0.05288554801163919,0.21618742471368585,0.0003271072216087673,1.0,6588.90641756626,0.9338751188556234,0.008881960556844547,0.0015226218097447795,0.183584686774942,0.0039253465522611055,0.011514467618974547,1.1760155687025042,1.0686492239579621,1.6666666666666667,245,60,0.8503288788117814
"San Francisco, California, USA",Bridge Collapse,0.1,10012.0,16393.0,3.2746703955253698,0.8983858439896002,7.0,0.054249186690257405,0.05288554801163919,0.21618742471368585,0.0003271072216087673,1.0,6588.90641756626,0.9338751188556234,0.008881960556844547,0.0015226218097447795,0.183584686774942,0.0039253465522611055,0.011514467618974547,1.1760155687025042,1.0686492239579621,1.6666666666666667,245,60,0.8503288788117814
"San Francisco, California, USA",Bridge Collapse,0.2,10012.0,16393.0,3.2746703955253698,0.8983858439896002,7.0,0.054249186690257405,0.05288554801163919,0.21618742471368585,0.0003271072216087673,1.0,6588.90641756626,0.9338751188556234,0.008881960556844547,0.0015226218097447795,0.183584686774942,0.0039253465522611055,0.011514467618974547,1.1760155687025042,1.0686492239579621,1.6666666666666667,245,60,0.8503288788117814
"San Francisco, California, USA",Bridge Collapse,0.3,10012.0,16393.0,3.2746703955253698,0.8983858439896002,7.0,0.054249186690257405,0.05288554801163919,0.21618742471368585,0.0003271072216087673,1.0,6588.90641756626,0.9338751188556234,0.008881960556844547,0.0015226218097447795,0.183584686774942,0.0039253465522611055,0.011514467618974547,1.1760155687025042,1.0686492239579621,1.6666666666666667,245,60,0.8503288788117814
"San Francisco, California, USA",Tunnel Closure,0.05,10012.0,16393.0,3.2746703955253698,0.8983858439896002,7.0,0.054249186690257405,0.05288554801163919,0.21618742471368585,0.0003271072216087673,1.0,6588.90641756626,0.9338751188556234,0.008881960556844547,0.0015226218097447795,0.183584686774942,0.0039253465522611055,0.011514467618974547,1.0694779620376453,1.0,1.6666666666666667,42,60,0.9350356299953381
"San Francisco, California, USA",Tunnel Closure,0.1,10012.0,16393.0,3.2746703955253698,0.8983858439896002,7.0,0.054249186690257405,0.05288554801163919,0.21618742471368585,0.0003271072216087673,1.0,6588.90641756626,0.9338751188556234,0.008881960556844547,0.0015226218097447795,0.183584686774942,0.0039253465522611055,0.011514467618974547,1.0694779620376453,1.0,1.6666666666666667,42,60,0.9350356299953381
"San Francisco, California, USA",Tunnel Closure,0.2,10012.0,16393.0,3.2746703955253698,0.8983858439896002,7.0,0.054249186690257405,0.05288554801163919,0.21618742471368585,0.0003271072216087673,1.0,6588.90641756626,0.9338751188556234,0.008881960556844547,0.0015226218097447795,0.183584686774942,0.0039253465522611055,0.011514467618974547,1.0694779620376453,1.0,1.6666666666666667,42,60,0.9350356299953381
"San Francisco, California, USA",Tunnel Closure,0.3,10012.0,16393.0,3.2746703955253698,0.8983858439896002,7.0,0.054249186690257405,0.05288554801163919,0.21618742471368585,0.0003271072216087673,1.0,6588.90641756626,0.9338751188556234,0.008881960556844547,0.0015226218097447795,0.183584686774942,0.0039253465522611055,0.011514467618974547,1.0694779620376453,1.0,1.6666666666666667,42,60,0.9350356299953381
"San Francisco, California, USA",Highway Flood,0.05,10012.0,16393.0,3.2746703955253698,0.8983858439896002,7.0,0.054249186690257405,0.05288554801163919,0.21618742471368585,0.0003271072216087673,1.0,6588.90641756626,0.9338751188556234,0.008881960556844547,0.0015226218097447795,0.183584686774942,0.0039253465522611055,0.011514467618974547,2.7588908415588382,1.8148865335862658,28.333333333333332,4512,60,0.3624645038275514
"San Francisco, California, USA",Highway Flood,0.1,10012.0,16393.0,3.2746703955253698,0.8983858439896002,7.0,0.054249186690257405,0.05288554801163919,0.21618742471368585,0.0003271072216087673,1.0,6588.90641756626,0.9338751188556234,0.008881960556844547,0.0015226218097447795,0.183584686774942,0.0039253465522611055,0.011514467618974547,2.7588908415588382,1.8148865335862658,28.333333333333332,4512,60,0.3624645038275514
"San Francisco, California, USA",Highway Flood,0.2,10012.0,16393.0,3.2746703955253698,0.8983858439896002,7.0,0.054249186690257405,0.05288554801163919,0.21618742471368585,0.0003271072216087673,1.0,6588.90641756626,0.9338751188556234,0.008881960556844547,0.0015226218097447795,0.183584686774942,0.0039253465522611055,0.011514467618974547,2.7588908415588382,1.8148865335862658,28.333333333333332,4512,60,0.3624645038275514
"San Francisco, California, USA",Highway Flood,0.3,10012.0,16393.0,3.2746703955253698,0.8983858439896002,7.0,0.054249186690257405,0.05288554801163919,0.21618742471368585,0.0003271072216087673,1.0,6588.90641756626,0.9338751188556234,0.008881960556844547,0.0015226218097447795,0.183584686774942,0.0039253465522611055,0.011514467618974547,2.7588908415588382,1.8148865335862658,28.333333333333332,4512,60,0.3624645038275514
"San Francisco, California, USA",Targeted Attack (Top k%),0.05,10012.0,16393.0,3.2746703955253698,0.8983858439896002,7.0,0.054249186690257405,0.05288554801163919,0.21618742471368585,0.0003271072216087673,1.0,6588.90641756626,0.9338751188556234,0.008881960556844547,0.0015226218097447795,0.183584686774942,0.0039253465522611055,0.011514467618974547,1.607871729498677,1.2785960818748237,8.333333333333334,1147,60,0.6219401595622263
"San Francisco, California, USA",Targeted Attack (Top k%),0.1,10012.0,16393.0,3.2746703955253698,0.8983858439896002,7.0,0.054249186690257405,0.05288554801163919,0.21618742471368585,0.0003271072216087673,1.0,6588.90641756626,0.9338751188556234,0.008881960556844547,0.0015226218097447795,0.183584686774942,0.0039253465522611055,0.011514467618974547,2.117400652275795,1.5611818041836054,16.666666666666668,2473,60,0.47227717575565775
"San Francisco, California, USA",Targeted Attack (Top k%),0.2,10012.0,16393.0,3.2746703955253698,0.8983858439896002,7.0,0.054249186690257405,0.05288554801163919,0.21618742471368585,0.0003271072216087673,1.0,6588.90641756626,0.9338751188556234,0.008881960556844547,0.0015226218097447795,0.183584686774942,0.0039253465522611055,0.011514467618974547,3.9436269425013815,5.0,68.33333333333333,5224,60,0.2535736809237122
"San Francisco, California, USA",Targeted Attack (Top k%),0.3,10012.0,16393.0,3.2746703955253698,0.8983858439896002,7.0,0.054249186690257405,0.05288554801163919,0.21618742471368585,0.0003271072216087673,1.0,6588.90641756626,0.9338751188556234,0.008881960556844547,0.0015226218097447795,0.183584686774942,0.0039253465522611055,0.011514467618974547,4.730981963065253,5.0,91.66666666666667,8043,60,0.21137260885942788
"San Francisco, California, USA",Random Failure,0.05,10012.0,16393.0,3.2746703955253698,0.8983858439896002,7.0,0.054249186690257405,0.05288554801163919,0.21618742471368585,0.0003271072216087673,1.0,6588.90641756626,0.9338751188556234,0.008881960556844547,0.0015226218097447795,0.183584686774942,0.0039253465522611055,0.011514467618974547,1.2612354840323985,1.0380015450382025,5.0,1379,60,0.79287334733306
"San Francisco, California, USA",Random Failure,0.1,10012.0,16393.0,3.2746703955253698,0.8983858439896002,7.0,0.054249186690257405,0.05288554801163919,0.21618742471368585,0.0003271072216087673,1.0,6588.90641756626,0.9338751188556234,0.008881960556844547,0.0015226218097447795,0.183584686774942,0.0039253465522611055,0.011514467618974547,1.4627701780577298,1.1162144326582,8.333333333333334,2758,60,0.6836343911029159
"San Francisco, California, USA",Random Failure,0.2,10012.0,16393.0,3.2746703955253698,0.8983858439896002,7.0,0.054249186690257405,0.05288554801163919,0.21618742471368585,0.0003271072216087673,1.0,6588.90641756626,0.9338751188556234,0.008881960556844547,0.0015226218097447795,0.183584686774942,0.0039253465522611055,0.011514467618974547,2.28125225155696,1.585200360896337,23.333333333333332,5516,60,0.4383557317335238
"San Francisco, California, USA",Random Failure,0.3,10012.0,16393.0,3.2746703955253698,0.8983858439896002,7.0,0.054249186690257405,0.05288554801163919,0.21618742471368585,0.0003271072216087673,1.0,6588.90641756626,0.9338751188556234,0.008881960556844547,0.0015226218097447795,0.183584686774942,0.0039253465522611055,0.011514467618974547,3.828722276444647,4.027429491659223,45.0,8275,60,0.26118373906414555
